Well,X,Y,NTG
201-901,201,901,0.2742739999999997
201-902,201,902,0.27398499999999965
201-903,201,903,0.27683899999999967
201-904,201,904,0.25521299999999975
201-905,201,905,0.24653173901945108
201-906,201,906,0.2535839999999998
201-908,201,908,0.24863500000000013
201-909,201,909,0.270595
201-910,201,910,0.2999209999999999
201-911,201,911,0.32821399999999984
201-912,201,912,0.32514499999999985
201-913,201,913,0.36020699999999983
201-915,201,915,0.3887139999999998
201-916,201,916,0.3963254398197463
201-917,201,917,0.4116621139469805
201-918,201,918,0.4251923864349076
201-919,201,919,0.43637447894536635
201-920,201,920,0.44466661314019584
201-921,201,921,0.44952701068123496
201-922,201,922,0.4504138932303229
201-923,201,923,0.44678548244929817
201-925,201,925,0.42011290322580647
201-926,201,926,0.40864827586206903
201-927,201,927,0.3995639999999998
201-928,201,928,0.3885199999999997
201-929,201,929,0.3757059999999997
201-930,201,930,0.3669919999999996
202-901,202,901,0.2742739999999997
202-902,202,902,0.27398499999999965
202-903,202,903,0.27683899999999967
202-904,202,904,0.2596924251778114
202-905,202,905,0.2527182973338168
202-906,202,906,0.25415699999999974
202-907,202,907,0.23958596971235785
202-908,202,908,0.24920800000000007
202-909,202,909,0.27174099999999995
202-910,202,910,0.30106699999999986
202-911,202,911,0.32974899999999985
202-912,202,912,0.3266799999999998
202-913,202,913,0.36231499999999983
202-914,202,914,0.3794009999999999
202-915,202,915,0.3904739999999998
202-916,202,916,0.3949249999999998
202-917,202,917,0.3944719999999997
202-918,202,918,0.4001537187340713
202-919,202,919,0.4122687988081657
202-920,202,920,0.42131031429382776
202-921,202,921,0.4269601023160938
202-923,202,923,0.42731118809259283
202-924,202,924,0.4208882352941176
202-926,202,926,0.404975
202-927,202,927,0.39722499999999994
202-928,202,928,0.3869929999999997
202-929,202,929,0.37417899999999976
202-930,202,930,0.3654649999999997
203-901,203,901,0.2730849999999997
203-903,203,903,0.27398899999999965
203-904,203,904,0.2596924251778114
203-905,203,905,0.2618143642842047
203-907,203,907,0.24347638125723434
203-908,203,908,0.2484626897737039
203-909,203,909,0.2713699999999998
203-910,203,910,0.2989299999999997
203-911,203,911,0.32000999999999974
203-912,203,912,0.3163369999999997
203-913,203,913,0.34708599999999984
203-914,203,914,0.36262099999999997
203-915,203,915,0.36916
203-916,203,916,0.37453981191222574
203-917,203,917,0.3724989999999999
203-918,203,918,0.3713039999999998
203-919,203,919,0.3784849999999997
203-920,203,920,0.39064897493064754
203-921,203,921,0.406042084145883
203-922,203,922,0.4075590909090909
203-923,203,923,0.40967004694508974
203-924,203,924,0.4222389093881941
203-925,203,925,0.4166523510312651
203-926,203,926,0.3910535158973434
203-927,203,927,0.37374
203-928,203,928,0.36439545454545463
203-930,203,930,0.3452
204-901,204,901,0.2625799999999996
204-902,204,902,0.26169979385655634
204-903,204,903,0.26294799999999957
204-905,204,905,0.2461373646236671
204-906,204,906,0.24466684454248427
204-908,204,908,0.24570400958144764
204-909,204,909,0.2739445649074469
204-910,204,910,0.294156774089889
204-911,204,911,0.3108084999999998
204-912,204,912,0.31053615093984205
204-913,204,913,0.33553949999999977
204-914,204,914,0.34769150000000004
204-915,204,915,0.35502250000000013
204-916,204,916,0.3670823529411764
204-917,204,917,0.3585455
204-918,204,918,0.35755649999999994
204-919,204,919,0.36465516560535216
204-920,204,920,0.38606384241329783
204-921,204,921,0.38826974673443
204-922,204,922,0.39410000000000006
204-923,204,923,0.3846090909090909
204-924,204,924,0.39933076923076927
204-926,204,926,0.39911061060963166
204-927,204,927,0.3724962798968688
204-928,204,928,0.3577474999999998
204-929,204,929,0.3428559999999996
204-930,204,930,0.3375139189398309
205-901,205,901,0.2693239999999996
205-902,205,902,0.2672659999999996
205-903,205,903,0.27011999999999964
205-904,205,904,0.24755286955129113
205-905,205,905,0.24936160612939845
205-906,205,906,0.24779604404283498
205-907,205,907,0.24373122218911875
205-908,205,908,0.26277313146672837
205-909,205,909,0.28206406057393346
205-910,205,910,0.30459543325493227
205-912,205,912,0.3099035563735126
205-913,205,913,0.3232340000000001
205-914,205,914,0.3362740000000002
205-915,205,915,0.34235762711864415
205-917,205,917,0.3519237686915185
205-918,205,918,0.35346975968869965
205-919,205,919,0.3683140401053833
205-920,205,920,0.37531932424207276
205-921,205,921,0.36161111111111116
205-922,205,922,0.36648598130841126
205-924,205,924,0.37306
205-925,205,925,0.3846785714285714
205-926,205,926,0.37700367962084
205-928,205,928,0.34224670047449035
205-929,205,929,0.32730021018851274
205-930,205,930,0.3267936554503941
206-901,206,901,0.27000799999999964
206-902,206,902,0.2685699999999996
206-903,206,903,0.27939058215578183
206-904,206,904,0.2546228607514998
206-905,206,905,0.25381419800460475
206-906,206,906,0.2549876703392288
206-907,206,907,0.24885988004280166
206-908,206,908,0.2732934098639456
206-909,206,909,0.2962406155517663
206-910,206,910,0.3109267211741545
206-911,206,911,0.31066991817533574
206-913,206,913,0.31788199999999994
206-915,206,915,0.3407277557291781
206-916,206,916,0.36585333333333336
206-917,206,917,0.3493719958142432
206-918,206,918,0.3539741538988877
206-919,206,919,0.3565011992971023
206-920,206,920,0.34599973479339563
206-921,206,921,0.3479306166253547
206-922,206,922,0.3580589743589744
206-923,206,923,0.36127446808510644
206-924,206,924,0.3659695652173914
206-925,206,925,0.3592444444444445
206-926,206,926,0.34106135155970563
206-927,206,927,0.3333010569583089
206-928,206,928,0.3231560054802862
206-930,206,930,0.30737516221374045
207-901,207,901,0.27000799999999964
207-902,207,902,0.2685699999999996
207-903,207,903,0.3122847290621583
207-904,207,904,0.26072053499783393
207-905,207,905,0.26490309414600016
207-906,207,906,0.25208756251876857
207-908,207,908,0.272926504081598
207-909,207,909,0.30148091558851203
207-911,207,911,0.3073212948979177
207-913,207,913,0.3203311914197418
207-914,207,914,0.347890211132472
207-915,207,915,0.3757068535571288
207-916,207,916,0.38394000000000006
207-917,207,917,0.36654077475786156
207-918,207,918,0.3445519884834538
207-920,207,920,0.3413609568473479
207-921,207,921,0.34559088277508104
207-922,207,922,0.3476847585420266
207-923,207,923,0.35121156025410133
207-924,207,924,0.35422142857142863
207-925,207,925,0.34608823529411764
207-926,207,926,0.3333881034423349
207-928,207,928,0.32153979182332026
207-929,207,929,0.3069943432787224
208-901,208,901,0.2786649999999997
208-902,208,902,0.27764301386458473
208-903,208,903,0.3298804632635022
208-904,208,904,0.27775149540923
208-905,208,905,0.27735152591320644
208-906,208,906,0.27863057317574047
208-907,208,907,0.26931021343312833
208-908,208,908,0.28505009069869275
208-909,208,909,0.3056006791485821
208-910,208,910,0.336103957112356
208-911,208,911,0.33800871316699216
208-912,208,912,0.3180621817076877
208-913,208,913,0.3386380000000002
208-914,208,914,0.35998389748431325
208-916,208,916,0.385
208-917,208,917,0.36602727272727276
208-918,208,918,0.3423336594484023
208-920,208,920,0.339924795621963
208-921,208,921,0.3457408500751675
208-922,208,922,0.35003581216634366
208-923,208,923,0.370736604130614
208-924,208,924,0.3503898303630812
208-926,208,926,0.339372329473545
208-927,208,927,0.33015284144188295
208-928,208,928,0.32487624904302176
208-929,208,929,0.3169621690351534
208-930,208,930,0.31158463407933384
209-901,209,901,0.3156130000000001
209-902,209,902,0.313155
209-903,209,903,0.3386518646402372
209-904,209,904,0.3051410000000001
209-905,209,905,0.2890667040862147
209-906,209,906,0.2934720896812655
209-907,209,907,0.28868215311468
209-908,209,908,0.29599796926149924
209-909,209,909,0.3024202106762795
209-910,209,910,0.3439368377063004
209-911,209,911,0.3495062251487837
209-912,209,912,0.3562213297323476
209-913,209,913,0.3638555555555556
209-914,209,914,0.38688
209-915,209,915,0.39366666666666666
209-917,209,917,0.3846735849056604
209-918,209,918,0.353442793796582
209-919,209,919,0.34450565644417713
209-920,209,920,0.350031545645557
209-921,209,921,0.35129665488791784
209-922,209,922,0.3670343372002205
209-923,209,923,0.38622109867141785
209-924,209,924,0.3618302984278286
209-925,209,925,0.3601
209-926,209,926,0.35164666666666666
209-927,209,927,0.3398947368421053
209-928,209,928,0.3310494737470335
209-929,209,929,0.3248587806935749
209-930,209,930,0.3210301843502387
210-901,210,901,0.325893
210-902,210,902,0.323435
210-903,210,903,0.3435579853925754
210-904,210,904,0.3185370000000002
210-905,210,905,0.2971218921514818
210-906,210,906,0.2980008161189268
210-907,210,907,0.29950914288767766
210-908,210,908,0.3052780804712682
210-909,210,909,0.31023719153105095
210-910,210,910,0.3482621861678451
210-911,210,911,0.35871375032628483
210-912,210,912,0.3669717715208229
210-913,210,913,0.3863625
210-915,210,915,0.42025026266066384
210-917,210,917,0.4260412581345015
210-918,210,918,0.38720775605714935
210-919,210,919,0.3800375000000001
210-920,210,920,0.37932750000000015
210-921,210,921,0.3734482035589886
210-922,210,922,0.38739889583137926
210-924,210,924,0.36015714285714284
210-925,210,925,0.3625
210-926,210,926,0.3605888888888889
210-927,210,927,0.3607350000000002
210-928,210,928,0.355147
210-929,210,929,0.3312223640264538
210-930,210,930,0.3256272152479897
211-901,211,901,0.328849
211-902,211,902,0.326391
211-903,211,903,0.3479548423764986
211-904,211,904,0.32732472227003323
211-905,211,905,0.29567070908557025
211-906,211,906,0.3008516603032617
211-907,211,907,0.3021123582989319
211-908,211,908,0.30965027848369336
211-909,211,909,0.3223796130990299
211-910,211,910,0.35412631578947373
211-911,211,911,0.3645950372526876
211-912,211,912,0.3758341224869688
211-913,211,913,0.40069999999999995
211-915,211,915,0.4298156162053696
211-916,211,916,0.4571755593928767
211-917,211,917,0.4546722018434344
211-918,211,918,0.41879132060083735
211-920,211,920,0.37913230584630625
211-921,211,921,0.376553727737481
211-922,211,922,0.37158343409498695
211-923,211,923,0.3601
211-925,211,925,0.35538000000000003
211-926,211,926,0.35827777777777775
211-929,211,929,0.33850605768812186
211-930,211,930,0.3309259268659932
212-901,212,901,0.33842500000000014
212-902,212,902,0.3349470000000001
212-903,212,903,0.35410982123536144
212-906,212,906,0.29811788191099975
212-907,212,907,0.30146217474462994
212-908,212,908,0.31227995270450304
212-909,212,909,0.32119570521546664
212-910,212,910,0.34584446423778437
212-911,212,911,0.3694833333333334
212-912,212,912,0.3816772094846414
212-913,212,913,0.39957073170731705
212-914,212,914,0.4077430122992821
212-915,212,915,0.41033556420934814
212-916,212,916,0.41268813893839573
212-917,212,917,0.43225341304552073
212-918,212,918,0.40310025498085555
212-919,212,919,0.3848835934100232
212-920,212,920,0.3633654999999999
212-922,212,922,0.3529
212-923,212,923,0.3545411764705882
212-924,212,924,0.3478565217391304
212-925,212,925,0.3553
212-926,212,926,0.3580219512195122
212-927,212,927,0.37111085799637555
212-928,212,928,0.37155868971327966
212-929,212,929,0.33246666666666663
212-930,212,930,0.3256105286510995
213-901,213,901,0.34641005216735454
213-902,213,902,0.3394
213-903,213,903,0.36115346309801044
213-904,213,904,0.3526817357430064
213-905,213,905,0.3138933393448196
213-906,213,906,0.3157667469664525
213-907,213,907,0.31492596328261296
213-908,213,908,0.31584316311001015
213-909,213,909,0.32133762187569476
213-910,213,910,0.3388284826182032
213-911,213,911,0.36499611826408834
213-912,213,912,0.3841613622293742
213-913,213,913,0.4030439456846957
213-914,213,914,0.402409968465236
213-915,213,915,0.39024285714285717
213-916,213,916,0.38681635694651373
213-917,213,917,0.37956666666666666
213-918,213,918,0.37095337240197623
213-919,213,919,0.35471875
213-920,213,920,0.35856950000000004
213-921,213,921,0.33817915380165725
213-922,213,922,0.3384722048928875
213-923,213,923,0.34062049999999994
213-924,213,924,0.3510791666666667
213-925,213,925,0.35660847457627126
213-926,213,926,0.337256
213-927,213,927,0.35905859242374855
213-928,213,928,0.38291855033954775
213-929,213,929,0.33582783402958677
213-930,213,930,0.3320565217391305
214-901,214,901,0.3626589999999998
214-902,214,902,0.35838999999999976
214-903,214,903,0.3677131946100483
214-905,214,905,0.34398400000000007
214-906,214,906,0.3291629289940829
214-907,214,907,0.32464519641332196
214-908,214,908,0.318378566903711
214-909,214,909,0.3240189952241755
214-910,214,910,0.32775914641027104
214-911,214,911,0.3597911754968875
214-912,214,912,0.38848476977664026
214-913,214,913,0.4018110110418589
214-914,214,914,0.3889080443170616
214-915,214,915,0.3757297297297298
214-916,214,916,0.3750090909090909
214-917,214,917,0.364975
214-919,214,919,0.34920000000000007
214-920,214,920,0.35289350000000014
214-921,214,921,0.32545171081108937
214-922,214,922,0.32960409601896323
214-923,214,923,0.32834263192008545
214-924,214,924,0.32784680706291286
214-925,214,925,0.3276544187398158
214-926,214,926,0.3223605154314301
214-927,214,927,0.3354808978529339
214-928,214,928,0.3789441357960419
214-929,214,929,0.341798776356583
214-930,214,930,0.31456150416804746
215-901,215,901,0.3764044776119403
215-902,215,902,0.36524485981308413
215-903,215,903,0.3762460548458125
215-904,215,904,0.4034106986631277
215-905,215,905,0.3638920111198488
215-906,215,906,0.33360497263239003
215-907,215,907,0.324896397334444
215-908,215,908,0.31591738075990294
215-909,215,909,0.3201485570409755
215-911,215,911,0.35297100742871085
215-912,215,912,0.38013719104882876
215-914,215,914,0.3712055873466723
215-915,215,915,0.35999550000000013
215-917,215,917,0.36006363636363636
215-918,215,918,0.368071841296862
215-919,215,919,0.373466617985762
215-920,215,920,0.34926250000000003
215-922,215,922,0.31602302378299457
215-923,215,923,0.3220005082831325
215-924,215,924,0.3212983705176929
215-925,215,925,0.3207658008255933
215-926,215,926,0.3165705761297537
215-927,215,927,0.3093068263823424
215-929,215,929,0.3361344592138636
216-901,216,901,0.3643030303030303
216-903,216,903,0.39560792908287035
216-904,216,904,0.4281190756763661
216-905,216,905,0.4011846273202304
216-906,216,906,0.3387125
216-907,216,907,0.31848366808683304
216-909,216,909,0.3149130132399571
216-910,216,910,0.3255623407902631
216-911,216,911,0.3317198898372951
216-912,216,912,0.3491387514050408
216-913,216,913,0.3593025000000001
216-914,216,914,0.3676695000000001
216-915,216,915,0.3681845000000002
216-916,216,916,0.36970000000000003
216-918,216,918,0.41736909907539527
216-919,216,919,0.4389759453673453
216-921,216,921,0.32994999999999997
216-922,216,922,0.3218626182111552
216-923,216,923,0.3215884857214082
216-924,216,924,0.31702448387456755
216-925,216,925,0.3145871464562438
216-926,216,926,0.3049076037628107
216-928,216,928,0.30998612820763316
216-929,216,929,0.3157574460973304
216-930,216,930,0.31528145110702105
217-901,217,901,0.3918701298701298
217-902,217,902,0.382592
217-903,217,903,0.4188928295471422
217-904,217,904,0.4474639193509958
217-905,217,905,0.4339454119532229
217-906,217,906,0.37631681018873125
217-907,217,907,0.3325793237412882
217-908,217,908,0.3146654763068337
217-909,217,909,0.3233395939086294
217-910,217,910,0.33077133498827743
217-911,217,911,0.33394387134101916
217-912,217,912,0.3412216392228611
217-913,217,913,0.3458615000000001
217-914,217,914,0.3516695
217-915,217,915,0.3598733333333333
217-916,217,916,0.3664891759572387
217-917,217,917,0.3998290686393164
217-918,217,918,0.4493917867021076
217-919,217,919,0.4843199224827673
217-920,217,920,0.4550445215699664
217-921,217,921,0.3799015784458859
217-923,217,923,0.3127835486166711
217-924,217,924,0.3087913746606087
217-925,217,925,0.3062902969389255
217-927,217,927,0.3063601006338914
217-928,217,928,0.31184782799714433
217-929,217,929,0.313868535352643
217-930,217,930,0.34331999999999996
218-901,218,901,0.431432
218-902,218,902,0.4340739999999998
218-903,218,903,0.44215100000000057
218-904,218,904,0.4660659010048477
218-906,218,906,0.40729932434147403
218-907,218,907,0.3472
218-908,218,908,0.32930398291172297
218-909,218,909,0.3182063215199322
218-910,218,910,0.32949915223534515
218-911,218,911,0.34060031645569616
218-912,218,912,0.3378702225101648
218-913,218,913,0.3357136624373386
218-914,218,914,0.3388306699830772
218-915,218,915,0.3461921662198417
218-916,218,916,0.3814076752257748
218-917,218,917,0.40897434527538334
218-918,218,918,0.4613972559130078
218-919,218,919,0.49511459307310335
218-920,218,920,0.4565636251693235
218-921,218,921,0.3940024949009815
218-922,218,922,0.31041679209189854
218-923,218,923,0.3092188501432987
218-924,218,924,0.29733353708376264
218-925,218,925,0.3070713306891236
218-926,218,926,0.3083594753112924
218-927,218,927,0.31015879126441437
218-928,218,928,0.315273460375489
219-901,219,901,0.4488
219-904,219,904,0.44103500510719945
219-905,219,905,0.4270071428571428
219-906,219,906,0.388513502468616
219-908,219,908,0.3212625223389246
219-910,219,910,0.3221124275256772
219-911,219,911,0.3309669264923532
219-912,219,912,0.33487250000000013
219-914,219,914,0.3313132731049019
219-915,219,915,0.35436323068239317
219-916,219,916,0.38779826665068606
219-917,219,917,0.40783495331884295
219-918,219,918,0.4592968148211414
219-919,219,919,0.46513638181638056
219-920,219,920,0.42273810073914286
219-921,219,921,0.3705879831806146
219-922,219,922,0.31276496400107523
219-923,219,923,0.29358356769033284
219-925,219,925,0.30039935184596805
219-926,219,926,0.30601938706245885
219-927,219,927,0.3153227126206175
219-928,219,928,0.33682631578947364
219-929,219,929,0.34141851851851845
220-901,220,901,0.4369
220-902,220,902,0.43449199999999955
220-903,220,903,0.4400930000000001
220-904,220,904,0.4378666666666667
220-905,220,905,0.41753699999999994
220-906,220,906,0.3839564202596947
220-907,220,907,0.3380173609944565
220-908,220,908,0.3284596899958961
220-909,220,909,0.3194253540041474
220-910,220,910,0.33083288018654744
220-911,220,911,0.3345442130959219
220-912,220,912,0.3372222045534858
220-913,220,913,0.3309993451974022
220-914,220,914,0.33249594594594595
220-915,220,915,0.3555448956873797
220-916,220,916,0.3847287728350472
220-917,220,917,0.3977100161803376
220-918,220,918,0.4314897359949627
220-919,220,919,0.40824438815010733
220-920,220,920,0.36427738152556555
220-921,220,921,0.3230868899726213
220-922,220,922,0.3096964103524126
220-924,220,924,0.29584559367695007
220-925,220,925,0.3042838767484693
220-926,220,926,0.31057499675543015
220-927,220,927,0.3156961324854511
220-928,220,928,0.3358850746268657
220-929,220,929,0.33739473684210525
220-930,220,930,0.3800685928098719
221-903,221,903,0.42489299999999963
221-904,221,904,0.42639639034256527
221-905,221,905,0.4106710198504663
221-906,221,906,0.3911571428571429
221-907,221,907,0.3386569708213493
221-908,221,908,0.33629823384253815
221-909,221,909,0.327129791170389
221-910,221,910,0.3284184107383958
221-911,221,911,0.33567943773139675
221-912,221,912,0.33518182433227434
221-913,221,913,0.3349217821782178
221-914,221,914,0.35187609315289675
221-915,221,915,0.3647866100673
221-916,221,916,0.3744888243456808
221-917,221,917,0.3798986572705092
221-918,221,918,0.3776417561244591
221-919,221,919,0.3457306396395473
221-920,221,920,0.3373155000000001
221-921,221,921,0.3085972664295076
221-922,221,922,0.3096341601590416
221-923,221,923,0.314108552180151
221-924,221,924,0.30104827750436575
221-925,221,925,0.3072096126641014
221-926,221,926,0.3115352314275655
221-927,221,927,0.3158767137578177
221-928,221,928,0.3201161949626329
221-929,221,929,0.33044666666666667
221-930,221,930,0.3546950000000003
222-901,222,901,0.422914826849886
222-902,222,902,0.41337272727272734
222-903,222,903,0.4182619999999997
222-904,222,904,0.41237500000000005
222-905,222,905,0.40145549797111324
222-906,222,906,0.3707971786833856
222-907,222,907,0.3422072011220196
222-908,222,908,0.3341415983836569
222-909,222,909,0.32692110012786463
222-910,222,910,0.327475308931644
222-911,222,911,0.32551320641110193
222-912,222,912,0.34272250000000004
222-913,222,913,0.352499945469962
222-914,222,914,0.37474260001428367
222-916,222,916,0.3760879378743911
222-918,222,918,0.347304347826087
222-919,222,919,0.3309435000000002
222-920,222,920,0.3332545000000002
222-921,222,921,0.30843089562039633
222-922,222,922,0.3128111951009474
222-923,222,923,0.31021885050755854
222-924,222,924,0.3099058346534919
222-925,222,925,0.3101846023343125
222-926,222,926,0.3107713045865682
222-927,222,927,0.3153248188012615
222-928,222,928,0.32351832400802577
222-929,222,929,0.33372
222-930,222,930,0.3187969032772674
223-901,223,901,0.41268135593220345
223-902,223,902,0.4096319999999997
223-903,223,903,0.4179889999999999
223-904,223,904,0.40430000000000005
223-906,223,906,0.37199999999999994
223-907,223,907,0.3403184660375362
223-908,223,908,0.3330608477219314
223-909,223,909,0.32446307411572983
223-910,223,910,0.32337814631851325
223-911,223,911,0.33346666666666663
223-912,223,912,0.35897368421052633
223-913,223,913,0.3709621974653354
223-914,223,914,0.3769003160618054
223-915,223,915,0.38974026859458244
223-916,223,916,0.36038850890627167
223-917,223,917,0.34385350000000015
223-918,223,918,0.3425666666666667
223-919,223,919,0.32704050000000007
223-920,223,920,0.3246655
223-921,223,921,0.3063726070637541
223-922,223,922,0.3085167240785394
223-923,223,923,0.310901491258142
223-924,223,924,0.3120426775300881
223-925,223,925,0.3145189239016366
223-926,223,926,0.3164218494508908
223-927,223,927,0.314101799765968
223-928,223,928,0.3212713162589686
223-929,223,929,0.318938140334596
224-901,224,901,0.40534199999999987
224-902,224,902,0.4003599999999997
224-903,224,903,0.4124729999999998
224-904,224,904,0.400008
224-905,224,905,0.393236
224-906,224,906,0.35019749999999966
224-908,224,908,0.341560822120167
224-909,224,909,0.3302029777938651
224-910,224,910,0.33648958170482246
224-911,224,911,0.35257499999999997
224-912,224,912,0.3775
224-913,224,913,0.35804117647058825
224-914,224,914,0.388663293954422
224-916,224,916,0.34886470588235297
224-917,224,917,0.3456005000000002
224-918,224,918,0.3408285000000001
224-919,224,919,0.32751950000000013
224-920,224,920,0.32391850000000005
224-921,224,921,0.2950732718295218
224-922,224,922,0.3044022918551415
224-923,224,923,0.3111033152149499
224-924,224,924,0.31127764387604534
224-925,224,925,0.3189038686541068
224-926,224,926,0.33701298701298704
224-927,224,927,0.336
224-928,224,928,0.3236017489503884
224-929,224,929,0.33438181818181817
224-930,224,930,0.3193594705825282
225-901,225,901,0.40125500000000003
225-902,225,902,0.392869
225-903,225,903,0.40689800000000004
225-904,225,904,0.39673800000000026
225-905,225,905,0.39125
225-906,225,906,0.3473794999999996
225-907,225,907,0.3300967374079795
225-909,225,909,0.31890141087978374
225-910,225,910,0.32684
225-911,225,911,0.33784615384615385
225-912,225,912,0.37350714285714287
225-913,225,913,0.37578838266717335
225-914,225,914,0.39265935440536676
225-915,225,915,0.3582936552014355
225-917,225,917,0.3350935000000001
225-918,225,918,0.3335405
225-919,225,919,0.3206705
225-920,225,920,0.3158175
225-923,225,923,0.31036539682749814
225-924,225,924,0.3226614446595444
225-925,225,925,0.31878708281424895
225-926,225,926,0.334048
225-927,225,927,0.3300642857142857
225-929,225,929,0.37011328359780793
225-930,225,930,0.33438181818181817
226-901,226,901,0.39822900000000006
226-902,226,902,0.38896299999999995
226-903,226,903,0.402992
226-904,226,904,0.39196700000000007
226-905,226,905,0.38420199999999993
226-906,226,906,0.34098765866612657
226-907,226,907,0.33844667404185047
226-908,226,908,0.3398566329667026
226-910,226,910,0.310325
226-911,226,911,0.33562222222222227
226-912,226,912,0.3684081081081081
226-913,226,913,0.3994509419450252
226-914,226,914,0.3979442031808168
226-915,226,915,0.36015
226-916,226,916,0.3375676470588235
226-917,226,917,0.34093850000000003
226-918,226,918,0.34098749999999994
226-919,226,919,0.3361464999999999
226-920,226,920,0.33225949999999976
226-921,226,921,0.30381192405871094
226-922,226,922,0.3089285900205627
226-923,226,923,0.3286227155972376
226-924,226,924,0.3453371141750549
226-925,226,925,0.3514869565217391
226-927,226,927,0.34475294117647054
226-930,226,930,0.3937
227-901,227,901,0.404102743379161
227-903,227,903,0.4035470000000001
227-904,227,904,0.39252200000000015
227-905,227,905,0.384757
227-906,227,906,0.35051915482867335
227-907,227,907,0.3439736155396705
227-908,227,908,0.33019369674451143
227-910,227,910,0.3094571428571429
227-911,227,911,0.34104
227-912,227,912,0.38631878304526035
227-913,227,913,0.42163282032753596
227-914,227,914,0.4024405874384225
227-915,227,915,0.3664901664519311
227-916,227,916,0.34974
227-917,227,917,0.34456250000000005
227-918,227,918,0.34361349999999996
227-919,227,919,0.3384484999999999
227-920,227,920,0.3345614999999998
227-921,227,921,0.30969413579888866
227-922,227,922,0.3181130560851605
227-923,227,923,0.3366187376466605
227-924,227,924,0.3604987158109467
227-925,227,925,0.364775662155692
227-926,227,926,0.35327190281930293
227-927,227,927,0.3498
227-928,227,928,0.38520228584413635
227-929,227,929,0.4524730125463596
227-930,227,930,0.3819333333333333
228-902,228,902,0.4090320000000001
228-903,228,903,0.436197
228-904,228,904,0.4087130000000001
228-905,228,905,0.400168
228-906,228,906,0.3471909999999997
228-907,228,907,0.34405997780336245
228-909,228,909,0.3128253546990855
228-910,228,910,0.3408424369747899
228-911,228,911,0.3784064516129032
228-913,228,913,0.4325528100313066
228-914,228,914,0.42292482192607567
228-915,228,915,0.3897402974326697
228-916,228,916,0.36888823529411763
228-917,228,917,0.3524555555555556
228-918,228,918,0.3500549999999999
228-919,228,919,0.34788399999999986
228-920,228,920,0.3449129999999998
228-921,228,921,0.3229330000000001
228-922,228,922,0.31958345470558003
228-923,228,923,0.33598631386624445
228-924,228,924,0.36464216725599546
228-925,228,925,0.37617027994474295
228-926,228,926,0.369655130425061
228-927,228,927,0.37190908393693256
228-928,228,928,0.39888524205188847
228-929,228,929,0.44561555484088755
228-930,228,930,0.3715166666666666
229-901,229,901,0.45037539460194853
229-902,229,902,0.4223159862439703
229-903,229,903,0.436037
229-904,229,904,0.40767900000000024
229-905,229,905,0.398693
229-906,229,906,0.34262299999999973
229-907,229,907,0.325206518201683
229-908,229,908,0.3035918863402944
229-909,229,909,0.3029108266642261
229-910,229,910,0.3181027092566605
229-911,229,911,0.3554423424678003
229-912,229,912,0.4016758929949093
229-913,229,913,0.4359990801638067
229-914,229,914,0.4417122269591819
229-915,229,915,0.41454162130893235
229-916,229,916,0.36965887345811516
229-917,229,917,0.3512290322580645
229-918,229,918,0.35558764028362966
229-919,229,919,0.3581694283297053
229-921,229,921,0.32217723766407197
229-922,229,922,0.33960000000000007
229-923,229,923,0.3475024390243903
229-924,229,924,0.35788178036880697
229-927,229,927,0.37670474873081805
229-928,229,928,0.38940799212985167
229-929,229,929,0.41613159086223567
229-930,229,930,0.34470180074233203
230-901,230,901,0.4633909344391173
230-902,230,902,0.4799701416244086
230-903,230,903,0.44761900000000004
230-904,230,904,0.4177340000000002
230-905,230,905,0.40586600000000006
230-906,230,906,0.33044897560975617
230-907,230,907,0.31201903746167176
230-909,230,909,0.2961905050034908
230-910,230,910,0.29397824415744156
230-911,230,911,0.33192179441902775
230-912,230,912,0.3763567759843898
230-913,230,913,0.40720969056590456
230-914,230,914,0.42711253184204084
230-915,230,915,0.4230830251496785
230-916,230,916,0.3886632938752454
230-917,230,917,0.3618036397152218
230-918,230,918,0.3709292308176083
230-919,230,919,0.36627960467285325
230-920,230,920,0.3500782348407895
230-922,230,922,0.3297304347826087
230-923,230,923,0.33913125
230-924,230,924,0.3480864864864866
230-925,230,925,0.3661926343548494
230-926,230,926,0.36993239788966026
230-927,230,927,0.3579746522453097
230-928,230,928,0.3657085823629067
230-929,230,929,0.37172508458905595
230-930,230,930,0.3304698741178727
231-901,231,901,0.4675609387323638
231-902,231,902,0.5300909198914471
231-903,231,903,0.4865632240110822
231-904,231,904,0.4505238095238095
231-905,231,905,0.4113780000000001
231-906,231,906,0.33717029660099584
231-907,231,907,0.31464375611845324
231-908,231,908,0.30316343833499076
231-909,231,909,0.29918225779556445
231-910,231,910,0.2841894082932132
231-911,231,911,0.317644
231-912,231,912,0.3400420408502884
231-913,231,913,0.36466368197259386
231-914,231,914,0.3839136728463991
231-915,231,915,0.39563814673673015
231-916,231,916,0.3904610785895388
231-917,231,917,0.3684461336840741
231-918,231,918,0.36876441716595354
231-919,231,919,0.3703555913036832
231-921,231,921,0.31809999999999994
231-922,231,922,0.3148
231-923,231,923,0.32234925373134327
231-924,231,924,0.3297230769230769
231-925,231,925,0.3477608695652174
231-926,231,926,0.3503054336440968
231-927,231,927,0.33435169277535776
231-928,231,928,0.32409999999999994
232-901,232,901,0.4645997267025449
232-902,232,902,0.5667351161249259
232-903,232,903,0.534998071488808
232-904,232,904,0.4729235294117647
232-905,232,905,0.44183000000000006
232-906,232,906,0.33875217391304346
232-907,232,907,0.31051494320263834
232-908,232,908,0.29648939397719615
232-909,232,909,0.2864454208837324
232-912,232,912,0.31437699999999985
232-913,232,913,0.32483725420570314
232-914,232,914,0.34261998246267056
232-915,232,915,0.3547649368390445
232-916,232,916,0.3602117363473219
232-918,232,918,0.3533925959006383
232-919,232,919,0.3460799452661027
232-920,232,920,0.3300833333333334
232-921,232,921,0.30544405981979855
232-922,232,922,0.30576441969406054
232-923,232,923,0.29952500000000004
232-924,232,924,0.30876014071395413
232-925,232,925,0.32303937866969173
232-926,232,926,0.320310259252808
232-927,232,927,0.3124551067994268
232-928,232,928,0.3066324133540548
232-930,232,930,0.30698490347707474
233-901,233,901,0.4915147058823529
233-902,233,902,0.578428190769912
233-903,233,903,0.5664640133184635
233-904,233,904,0.48547854823261916
233-905,233,905,0.4729235294117647
233-906,233,906,0.408275
233-907,233,907,0.32870204081632654
233-908,233,908,0.302375
233-909,233,909,0.2945774864438191
233-910,233,910,0.28860597853857956
233-911,233,911,0.2954750799444427
233-912,233,912,0.31323799999999985
233-913,233,913,0.317685
233-914,233,914,0.3263387966032488
233-915,233,915,0.3391673349299298
233-916,233,916,0.3434189662127664
233-917,233,917,0.33354372594224796
233-918,233,918,0.3286640000000003
233-919,233,919,0.3154950000000002
233-920,233,920,0.3014552316218648
233-921,233,921,0.28401182921639034
233-922,233,922,0.2901366251806619
233-923,233,923,0.2923233486542941
233-924,233,924,0.2942106303910455
233-925,233,925,0.3004631729343976
233-926,233,926,0.3089998919249831
233-927,233,927,0.3067553999308059
233-928,233,928,0.30863938752469655
233-929,233,929,0.3066139036480216
233-930,233,930,0.31001662256828355
234-901,234,901,0.49713749999999995
234-902,234,902,0.569955710378859
234-903,234,903,0.5769637544916582
234-904,234,904,0.5012399999999999
234-905,234,905,0.4746461538461539
234-906,234,906,0.44488832116788324
234-907,234,907,0.40720000000000006
234-908,234,908,0.3200681818181818
234-909,234,909,0.29413462191241097
234-910,234,910,0.29280169034819065
234-911,234,911,0.30011904519219745
234-912,234,912,0.30511899999999986
234-913,234,913,0.3065330000000001
234-914,234,914,0.3060447752291335
234-915,234,915,0.31975952187501316
234-916,234,916,0.32061474870366197
234-917,234,917,0.3129650000000003
234-918,234,918,0.3111580000000003
234-919,234,919,0.29755500000000024
234-920,234,920,0.2845529674310737
234-922,234,922,0.27581945317326517
234-923,234,923,0.28570207320875135
234-924,234,924,0.28399319861748007
234-925,234,925,0.2940727893811471
234-926,234,926,0.29998920899993625
234-927,234,927,0.3018760339342524
234-928,234,928,0.30631599999999964
234-929,234,929,0.3058753462364352
234-930,234,930,0.30548492828088203
235-901,235,901,0.5044
235-902,235,902,0.5497457592138918
235-904,235,904,0.5290702702702703
235-905,235,905,0.5012399999999999
235-906,235,906,0.47061
235-907,235,907,0.4399800000000001
235-908,235,908,0.40720000000000006
235-909,235,909,0.2982152342346227
235-910,235,910,0.29484698228057055
235-911,235,911,0.29766003568799204
235-912,235,912,0.3030578214777049
235-913,235,913,0.301315
235-914,235,914,0.2900368864716705
235-916,235,916,0.29570481129606063
235-917,235,917,0.3053780000000002
235-918,235,918,0.30537700000000023
235-919,235,919,0.2932020000000002
235-920,235,920,0.2827949168596707
235-921,235,921,0.270641122601545
235-922,235,922,0.2792841752551981
235-923,235,923,0.2833108507200672
235-925,235,925,0.2892066881793479
235-926,235,926,0.29030309734979903
235-927,235,927,0.29833901424836157
235-928,235,928,0.3091709999999997
235-929,235,929,0.3009854593240863
235-930,235,930,0.30763770234474636
236-901,236,901,0.47534999999999994
236-902,236,902,0.5241487541924814
236-903,236,903,0.5260888888888888
236-904,236,904,0.47590357644621034
236-905,236,905,0.46129787234042563
236-906,236,906,0.43562359550561797
236-907,236,907,0.4356
236-908,236,908,0.36315000000000003
236-909,236,909,0.2970271488159311
236-910,236,910,0.2900240870684213
236-911,236,911,0.29419438570907763
236-912,236,912,0.29504211062895386
236-913,236,913,0.299872
236-914,236,914,0.28026492873120057
236-915,236,915,0.28791853262610567
236-916,236,916,0.2902330000000002
236-917,236,917,0.3053780000000002
236-918,236,918,0.30629500000000026
236-919,236,919,0.29462400000000016
236-920,236,920,0.27920510265798204
236-921,236,921,0.27522672325709346
236-922,236,922,0.28096749286092004
236-923,236,923,0.2848986745824574
236-924,236,924,0.2865894012212291
236-925,236,925,0.2901900292746989
236-926,236,926,0.29103960826868946
236-927,236,927,0.29554025949898066
236-928,236,928,0.30975499999999967
236-929,236,929,0.3095965059859478
236-930,236,930,0.3082973982623077
237-901,237,901,0.4496475728155341
237-902,237,902,0.4930262432904415
237-903,237,903,0.4879650000000002
237-905,237,905,0.44565789473684203
237-906,237,906,0.4356
237-907,237,907,0.3523222222222222
237-908,237,908,0.30469937038200473
237-909,237,909,0.2956954775419546
237-910,237,910,0.2857301717561664
237-911,237,911,0.2881424104273301
237-912,237,912,0.29057405915080525
237-913,237,913,0.29288999999999993
237-915,237,915,0.2780481942034
237-916,237,916,0.2821837266905384
237-917,237,917,0.29279000000000005
237-918,237,918,0.29640100000000014
237-921,237,921,0.27271693641041017
237-922,237,922,0.2758233562385445
237-923,237,923,0.2842422850598318
237-925,237,925,0.2943482806637735
237-926,237,926,0.2915546727994983
237-927,237,927,0.29847005435729845
237-928,237,928,0.3193509999999996
237-929,237,929,0.3073554040929887
237-930,237,930,0.3049573254943435
238-901,238,901,0.43619700000000017
238-902,238,902,0.4518896103896105
238-903,238,903,0.47926400000000013
238-904,238,904,0.45788799999999996
238-905,238,905,0.44695714285714294
238-906,238,906,0.40012369480008286
238-908,238,908,0.3046241966766263
238-909,238,909,0.291385918889528
238-910,238,910,0.2758050126327425
238-911,238,911,0.2876219312566184
238-912,238,912,0.2845884121818455
238-913,238,913,0.31084999999999996
238-914,238,914,0.278686238764859
238-915,238,915,0.28469443876841727
238-916,238,916,0.28956233553910227
238-917,238,917,0.2928270000000001
238-918,238,918,0.2945730000000002
238-919,238,919,0.2798750000000001
238-920,238,920,0.2731278156032014
238-922,238,922,0.271079795017711
238-923,238,923,0.27693453863309775
238-925,238,925,0.2849985115995287
238-926,238,926,0.2993101525932848
238-927,238,927,0.30460000000000004
238-928,238,928,0.3262449275362319
238-929,238,929,0.3150346153846154
238-930,238,930,0.3130272727272728
239-902,239,902,0.4322216464368027
239-903,239,903,0.456774
239-904,239,904,0.45561038961038963
239-905,239,905,0.44151520803890293
239-906,239,906,0.44954609212340424
239-907,239,907,0.3931457759015384
239-908,239,908,0.3148675907935815
239-909,239,909,0.28295219999194876
239-911,239,911,0.28337399999999985
239-912,239,912,0.3055
239-913,239,913,0.356168029739777
239-914,239,914,0.3585179555548953
239-915,239,915,0.31665899318654334
239-916,239,916,0.31545
239-917,239,917,0.3263473684210526
239-918,239,918,0.30446600000000035
239-919,239,919,0.2879160000000003
239-920,239,920,0.2775881143878463
239-921,239,921,0.271944007038366
239-923,239,923,0.2779402946461139
239-924,239,924,0.2807956575938681
239-925,239,925,0.28912857502074474
239-926,239,926,0.30000899942323334
239-927,239,927,0.3133551813669377
239-928,239,928,0.33631052631578945
239-929,239,929,0.3341
239-930,239,930,0.3336826086956522
240-901,240,901,0.428351
240-902,240,902,0.45818203124610274
240-903,240,903,0.5
240-904,240,904,0.46779999999999994
240-905,240,905,0.4356
240-906,240,906,0.4409872648965929
240-907,240,907,0.4027501044005033
240-908,240,908,0.3247034748029656
240-909,240,909,0.2914561914931113
240-910,240,910,0.27206340047403155
240-911,240,911,0.2986349999999998
240-912,240,912,0.3526
240-914,240,914,0.4283530321036252
240-915,240,915,0.40554632497518317
240-916,240,916,0.3680153846153846
240-917,240,917,0.3602935483870968
240-918,240,918,0.3438
240-919,240,919,0.31106900000000004
240-920,240,920,0.2911627285785791
240-921,240,921,0.2807606154198124
240-922,240,922,0.2751992818173039
240-923,240,923,0.28803856963613544
240-924,240,924,0.29071053447121287
240-925,240,925,0.3002273855901228
240-927,240,927,0.33016
240-929,240,929,0.3425761904761905
240-930,240,930,0.34467516339869286
241-901,241,901,0.45818203124610274
241-902,241,902,0.5
241-903,241,903,0.5
241-904,241,904,0.5
241-905,241,905,0.425491
241-906,241,906,0.3832504719569993
241-908,241,908,0.28660988456139613
241-909,241,909,0.27576746831266136
241-911,241,911,0.29044399999999987
241-912,241,912,0.3295309434761063
241-913,241,913,0.37714556537359634
241-914,241,914,0.4196823485612673
241-915,241,915,0.43547704070256404
241-916,241,916,0.413600195369783
241-917,241,917,0.36285015235647616
241-918,241,918,0.35223668277619125
241-919,241,919,0.33615784455792697
241-920,241,920,0.3124694902715294
241-923,241,923,0.28972073399596854
241-924,241,924,0.2928910391363022
241-925,241,925,0.29770620080815174
241-926,241,926,0.3111405111493474
241-927,241,927,0.34532
241-928,241,928,0.35841987409760145
241-929,241,929,0.35841987409760145
241-930,241,930,0.35841987409760145
242-901,242,901,0.5
242-902,242,902,0.5
242-904,242,904,0.5
242-905,242,905,0.426722
242-906,242,906,0.2915469999999997
242-908,242,908,0.2685740371061755
242-909,242,909,0.28138060436732587
242-910,242,910,0.27687663707859994
242-911,242,911,0.30441499999999994
242-912,242,912,0.30239420106938125
242-913,242,913,0.3590842105263158
242-914,242,914,0.35587857142857143
242-915,242,915,0.355
242-916,242,916,0.36168337002179957
242-917,242,917,0.36290425132691567
242-919,242,919,0.3365198654324522
242-920,242,920,0.30516120105088657
242-921,242,921,0.2893483344441573
242-922,242,922,0.2898656554148401
242-923,242,923,0.32133
242-924,242,924,0.30254950553047794
242-925,242,925,0.30630980036297645
242-926,242,926,0.31793066134708303
242-927,242,927,0.3516181818181819
242-928,242,928,0.37755135296698533
242-929,242,929,0.37755135296698533
242-930,242,930,0.37755135296698533
243-901,243,901,0.5
243-902,243,902,0.5
243-903,243,903,0.5
243-904,243,904,0.5
243-905,243,905,0.427329
243-906,243,906,0.2943879999999997
243-908,243,908,0.2712863482587064
243-909,243,909,0.28444703723475245
243-910,243,910,0.31804767726428024
243-911,243,911,0.31762142857142855
243-912,243,912,0.2985410053200733
243-913,243,913,0.3310235294117647
243-914,243,914,0.33055645161290326
243-915,243,915,0.3345611111111111
243-916,243,916,0.3163180000000003
243-917,243,917,0.3249670000000004
243-918,243,918,0.32551000000000035
243-919,243,919,0.3134420000000003
243-920,243,920,0.29481879995847604
243-921,243,921,0.2931652293454029
243-922,243,922,0.3125401303684623
243-923,243,923,0.36175882352941185
243-924,243,924,0.3315
243-925,243,925,0.3322333333333334
243-927,243,927,0.353223076923077
243-929,243,929,0.3981
243-930,243,930,0.3981
244-901,244,901,0.5
244-902,244,902,0.5
244-903,244,903,0.5
244-904,244,904,0.49749999999999994
244-905,244,905,0.4333818181818182
244-906,244,906,0.3073309999999997
244-907,244,907,0.27522700851152165
244-908,244,908,0.28760491839883084
244-909,244,909,0.3193456714853786
244-910,244,910,0.3691081012526549
244-913,244,913,0.311964
244-914,244,914,0.32413766233766234
244-915,244,915,0.3232372881355932
244-916,244,916,0.30427106675445525
244-917,244,917,0.30099800000000043
244-918,244,918,0.30980608920126795
244-919,244,919,0.29909540826837894
244-922,244,922,0.32150000000000006
244-924,244,924,0.38262307692307695
244-925,244,925,0.37145066827726725
244-926,244,926,0.3687299138414384
244-928,244,928,0.3981
244-929,244,929,0.3981
244-930,244,930,0.3981
245-901,245,901,0.4975
245-902,245,902,0.4975
245-903,245,903,0.49749999999999994
245-904,245,904,0.49
245-905,245,905,0.46819
245-906,245,906,0.38095
245-907,245,907,0.29515634482906633
245-909,245,909,0.31864566213956586
245-910,245,910,0.3670743545754986
245-912,245,912,0.35781760965053344
245-913,245,913,0.3412060000000002
245-914,245,914,0.33550769230769234
245-915,245,915,0.33869100000000024
245-916,245,916,0.33552500000000024
245-917,245,917,0.33695800000000026
245-918,245,918,0.34693000000000024
245-919,245,919,0.3438570000000002
245-920,245,920,0.3355980000000002
245-921,245,921,0.3343800000000004
245-922,245,922,0.3815
245-924,245,924,0.4267797780885296
245-925,245,925,0.4197927033135914
245-926,245,926,0.3802370000000002
245-927,245,927,0.39042200000000027
245-928,245,928,0.4006320000000002
245-929,245,929,0.3981
245-930,245,930,0.3981
246-901,246,901,0.49
246-902,246,902,0.49
246-903,246,903,0.49
246-904,246,904,0.49
246-906,246,906,0.46819
246-907,246,907,0.38095
246-908,246,908,0.32642499999999997
246-909,246,909,0.3552
246-910,246,910,0.32608888888888893
246-911,246,911,0.3513410000000002
246-912,246,912,0.3234740000000004
246-913,246,913,0.34465800000000024
246-914,246,914,0.3371296610169492
246-915,246,915,0.33835900000000035
246-916,246,916,0.33519300000000035
246-917,246,917,0.3365460000000004
246-918,246,918,0.3404380000000004
246-919,246,919,0.3356490000000003
246-920,246,920,0.32694400000000035
246-921,246,921,0.32568500000000056
246-922,246,922,0.3669880000000001
246-924,246,924,0.4267797780885296
246-925,246,925,0.4197927033135914
246-926,246,926,0.4197927033135914
246-927,246,927,0.3835
246-928,246,928,0.38845400000000024
246-929,246,929,0.3835
246-930,246,930,0.3981
